{
  "source_csv": "/anvil/projects/x-cis240669/Hurricane/results/CLOUDf01_sz3_sweep.csv",
  "e_lo": 1e-06,
  "e_hi": 0.1,
  "surrogates": {
    "psnr": {
      "name": "PSNR",
      "transform": "none",
      "n_points": 20,
      "alpha": 0.08645495483880353,
      "r2": 0.9993180570630894,
      "rmse": 0.7333982095727138,
      "intercept_raw": 22.647777147173123,
      "coefs_raw": [
        -15.24218566317029,
        0.4561551631207365,
        -0.0,
        0.0
      ],
      "feature_names": [
        "log10(e)",
        "log10(e)^2",
        "log10(e)^3",
        "log10(e)^4"
      ],
      "formula": "PSNR(e) = 22.6478 - 15.2422 * log10(e) + 0.456155 * log10(e)^2"
    },
    "ssim": {
      "name": "SSIM",
      "transform": "logit",
      "n_points": 20,
      "alpha": 0.0018358811243499975,
      "r2": 0.9946777476335646,
      "rmse": 0.005530321442227855,
      "intercept_raw": 0.27966094128745755,
      "coefs_raw": [
        -0.6941083377817636,
        0.08145945279569626,
        -0.0,
        -0.00024261829452255058
      ],
      "feature_names": [
        "log10(e)",
        "log10(e)^2",
        "log10(e)^3",
        "log10(e)^4"
      ],
      "formula": "SSIM(e) = 0.279661 - 0.694108 * log10(e) + 0.0814595 * log10(e)^2 - 0.000242618 * log10(e)^4\nSSIM(e) = 1 / (1 + exp(-SSIM(e)))"
    },
    "cr": {
      "name": "CR",
      "transform": "log10",
      "n_points": 20,
      "alpha": 0.000760573247537887,
      "r2": 0.9709282432858796,
      "rmse": 237.047110276231,
      "intercept_raw": 4.585878820412058,
      "coefs_raw": [
        0.9676777244475011,
        0.061926679296118975,
        -0.0008198188643225427,
        -0.0
      ],
      "feature_names": [
        "log10(e)",
        "log10(e)^2",
        "log10(e)^3",
        "log10(e)^4"
      ],
      "formula": "log10_CR(e) = 4.58588 + 0.967678 * log10(e) + 0.0619267 * log10(e)^2 - 0.000819819 * log10(e)^3\nCR(e) = 10 ** (log10_CR(e))"
    }
  }
}